<?xml version="1.0" encoding="UTF-8" ?>
<!DOCTYPE mapper PUBLIC "-//mybatis.org//DTD Mapper 3.0//EN" "http://mybatis.org/dtd/mybatis-3-mapper.dtd" >
<mapper namespace="edu.zyt.mapper.CollegeInfoMapper">
    <resultMap id="BaseResultMap" type="edu.zyt.model.CollegeInfo">
        <id column="id" property="id" jdbcType="INTEGER"/>
        <result column="NAME" property="name" jdbcType="VARCHAR"/>
        <result column="LOGO" property="logo" jdbcType="VARCHAR"/>
        <result column="PROVINCE" property="province" jdbcType="VARCHAR"/>
        <result column="LEVEL" property="level" jdbcType="VARCHAR"/>
        <result column="TYPE" property="type" jdbcType="VARCHAR"/>
        <result column="ZHISHU" property="zhishu" jdbcType="VARCHAR"/>
        <result column="IS211" property="is211" jdbcType="VARCHAR"/>
        <result column="IS985" property="is985" jdbcType="VARCHAR"/>
        <result column="TEL" property="tel" jdbcType="VARCHAR"/>
        <result column="ADDRESS" property="address" jdbcType="VARCHAR"/>
        <result column="EMAIL" property="email" jdbcType="VARCHAR"/>
        <result column="URL" property="url" jdbcType="VARCHAR"/>
        <result column="REMARK" property="remark" jdbcType="VARCHAR"/>
        <result column="SEQ" property="seq" jdbcType="VARCHAR"/>
    </resultMap>
    <sql id="Example_Where_Clause">
        <where>
            <foreach collection="oredCriteria" item="criteria" separator="or">
                <if test="criteria.valid">
                    <trim prefix="(" suffix=")" prefixOverrides="and">
                        <foreach collection="criteria.criteria" item="criterion">
                            <choose>
                                <when test="criterion.noValue">
                                    and ${criterion.condition}
                                </when>
                                <when test="criterion.singleValue">
                                    and ${criterion.condition} #{criterion.value}
                                </when>
                                <when test="criterion.betweenValue">
                                    and ${criterion.condition} #{criterion.value} and #{criterion.secondValue}
                                </when>
                                <when test="criterion.listValue">
                                    and ${criterion.condition}
                                    <foreach collection="criterion.value" item="listItem" open="(" close=")"
                                             separator=",">
                                        #{listItem}
                                    </foreach>
                                </when>
                            </choose>
                        </foreach>
                    </trim>
                </if>
            </foreach>
        </where>
    </sql>
    <sql id="Update_By_Example_Where_Clause">
        <where>
            <foreach collection="example.oredCriteria" item="criteria" separator="or">
                <if test="criteria.valid">
                    <trim prefix="(" suffix=")" prefixOverrides="and">
                        <foreach collection="criteria.criteria" item="criterion">
                            <choose>
                                <when test="criterion.noValue">
                                    and ${criterion.condition}
                                </when>
                                <when test="criterion.singleValue">
                                    and ${criterion.condition} #{criterion.value}
                                </when>
                                <when test="criterion.betweenValue">
                                    and ${criterion.condition} #{criterion.value} and #{criterion.secondValue}
                                </when>
                                <when test="criterion.listValue">
                                    and ${criterion.condition}
                                    <foreach collection="criterion.value" item="listItem" open="(" close=")"
                                             separator=",">
                                        #{listItem}
                                    </foreach>
                                </when>
                            </choose>
                        </foreach>
                    </trim>
                </if>
            </foreach>
        </where>
    </sql>
    <sql id="Base_Column_List">
        id, NAME, LOGO, PROVINCE, LEVEL, TYPE, ZHISHU, IS211, IS985, TEL, ADDRESS, EMAIL,
        URL, REMARK, SEQ
    </sql>

    <select id="getall" resultType="edu.zyt.model.CollegeInfo">
        select
        <include refid="Base_Column_List"/>
        from college_info order by id asc limit 25
    </select>
    <select id="selectByExample" resultMap="BaseResultMap" parameterType="edu.zyt.model.CollegeInfo">
        select
        <if test="distinct">
            distinct
        </if>
        <include refid="Base_Column_List"/>
        from college_info
        <if test="_parameter != null">
            <include refid="Example_Where_Clause"/>
        </if>
        <if test="orderByClause != null">
            order by ${orderByClause}
        </if>
    </select>
    <select id="selectByPrimaryKey" resultMap="BaseResultMap" parameterType="java.lang.Integer">
        select
        <include refid="Base_Column_List"/>
        from college_info
        where id = #{id,jdbcType=INTEGER}
    </select>
    <delete id="deleteByPrimaryKey" parameterType="java.lang.Integer">
        delete from college_info
        where id = #{id,jdbcType=INTEGER}
    </delete>
    <delete id="deleteByExample" parameterType="edu.zyt.model.CollegeInfo">
        delete from college_info
        <if test="_parameter != null">
            <include refid="Example_Where_Clause"/>
        </if>
    </delete>
    <insert id="insert" parameterType="edu.zyt.model.CollegeInfo">
        insert into college_info (id, NAME, LOGO,
        PROVINCE, LEVEL, TYPE,
        ZHISHU, IS211, IS985,
        TEL, ADDRESS, EMAIL,
        URL, REMARK, SEQ)
        values (#{id,jdbcType=INTEGER}, #{name,jdbcType=VARCHAR}, #{logo,jdbcType=VARCHAR},
        #{province,jdbcType=VARCHAR}, #{level,jdbcType=VARCHAR}, #{type,jdbcType=VARCHAR},
        #{zhishu,jdbcType=VARCHAR}, #{is211,jdbcType=VARCHAR}, #{is985,jdbcType=VARCHAR},
        #{tel,jdbcType=VARCHAR}, #{address,jdbcType=VARCHAR}, #{email,jdbcType=VARCHAR},
        #{url,jdbcType=VARCHAR}, #{remark,jdbcType=VARCHAR}, #{seq,jdbcType=VARCHAR})
    </insert>
    <insert id="insertSelective" parameterType="edu.zyt.model.CollegeInfo">
        insert into college_info
        <trim prefix="(" suffix=")" suffixOverrides=",">
            <if test="id != null">
                id,
            </if>
            <if test="name != null">
                NAME,
            </if>
            <if test="logo != null">
                LOGO,
            </if>
            <if test="province != null">
                PROVINCE,
            </if>
            <if test="level != null">
                LEVEL,
            </if>
            <if test="type != null">
                TYPE,
            </if>
            <if test="zhishu != null">
                ZHISHU,
            </if>
            <if test="is211 != null">
                IS211,
            </if>
            <if test="is985 != null">
                IS985,
            </if>
            <if test="tel != null">
                TEL,
            </if>
            <if test="address != null">
                ADDRESS,
            </if>
            <if test="email != null">
                EMAIL,
            </if>
            <if test="url != null">
                URL,
            </if>
            <if test="remark != null">
                REMARK,
            </if>
            <if test="seq != null">
                SEQ,
            </if>
        </trim>
        <trim prefix="values (" suffix=")" suffixOverrides=",">
            <if test="id != null">
                #{id,jdbcType=INTEGER},
            </if>
            <if test="name != null">
                #{name,jdbcType=VARCHAR},
            </if>
            <if test="logo != null">
                #{logo,jdbcType=VARCHAR},
            </if>
            <if test="province != null">
                #{province,jdbcType=VARCHAR},
            </if>
            <if test="level != null">
                #{level,jdbcType=VARCHAR},
            </if>
            <if test="type != null">
                #{type,jdbcType=VARCHAR},
            </if>
            <if test="zhishu != null">
                #{zhishu,jdbcType=VARCHAR},
            </if>
            <if test="is211 != null">
                #{is211,jdbcType=VARCHAR},
            </if>
            <if test="is985 != null">
                #{is985,jdbcType=VARCHAR},
            </if>
            <if test="tel != null">
                #{tel,jdbcType=VARCHAR},
            </if>
            <if test="address != null">
                #{address,jdbcType=VARCHAR},
            </if>
            <if test="email != null">
                #{email,jdbcType=VARCHAR},
            </if>
            <if test="url != null">
                #{url,jdbcType=VARCHAR},
            </if>
            <if test="remark != null">
                #{remark,jdbcType=VARCHAR},
            </if>
            <if test="seq != null">
                #{seq,jdbcType=VARCHAR},
            </if>
        </trim>
    </insert>
    <select id="countByExample" parameterType="edu.zyt.model.CollegeInfo" resultType="java.lang.Integer">
        select count(*) from college_info
        <if test="_parameter != null">
            <include refid="Example_Where_Clause"/>
        </if>
    </select>
    <update id="updateByExampleSelective" parameterType="map">
        update college_info
        <set>
            <if test="record.id != null">
                id = #{record.id,jdbcType=INTEGER},
            </if>
            <if test="record.name != null">
                NAME = #{record.name,jdbcType=VARCHAR},
            </if>
            <if test="record.logo != null">
                LOGO = #{record.logo,jdbcType=VARCHAR},
            </if>
            <if test="record.province != null">
                PROVINCE = #{record.province,jdbcType=VARCHAR},
            </if>
            <if test="record.level != null">
                LEVEL = #{record.level,jdbcType=VARCHAR},
            </if>
            <if test="record.type != null">
                TYPE = #{record.type,jdbcType=VARCHAR},
            </if>
            <if test="record.zhishu != null">
                ZHISHU = #{record.zhishu,jdbcType=VARCHAR},
            </if>
            <if test="record.is211 != null">
                IS211 = #{record.is211,jdbcType=VARCHAR},
            </if>
            <if test="record.is985 != null">
                IS985 = #{record.is985,jdbcType=VARCHAR},
            </if>
            <if test="record.tel != null">
                TEL = #{record.tel,jdbcType=VARCHAR},
            </if>
            <if test="record.address != null">
                ADDRESS = #{record.address,jdbcType=VARCHAR},
            </if>
            <if test="record.email != null">
                EMAIL = #{record.email,jdbcType=VARCHAR},
            </if>
            <if test="record.url != null">
                URL = #{record.url,jdbcType=VARCHAR},
            </if>
            <if test="record.remark != null">
                REMARK = #{record.remark,jdbcType=VARCHAR},
            </if>
            <if test="record.seq != null">
                SEQ = #{record.seq,jdbcType=VARCHAR},
            </if>
        </set>
        <if test="_parameter != null">
            <include refid="Update_By_Example_Where_Clause"/>
        </if>
    </update>
    <update id="updateByExample" parameterType="map">
        update college_info
        set id = #{record.id,jdbcType=INTEGER},
        NAME = #{record.name,jdbcType=VARCHAR},
        LOGO = #{record.logo,jdbcType=VARCHAR},
        PROVINCE = #{record.province,jdbcType=VARCHAR},
        LEVEL = #{record.level,jdbcType=VARCHAR},
        TYPE = #{record.type,jdbcType=VARCHAR},
        ZHISHU = #{record.zhishu,jdbcType=VARCHAR},
        IS211 = #{record.is211,jdbcType=VARCHAR},
        IS985 = #{record.is985,jdbcType=VARCHAR},
        TEL = #{record.tel,jdbcType=VARCHAR},
        ADDRESS = #{record.address,jdbcType=VARCHAR},
        EMAIL = #{record.email,jdbcType=VARCHAR},
        URL = #{record.url,jdbcType=VARCHAR},
        REMARK = #{record.remark,jdbcType=VARCHAR},
        SEQ = #{record.seq,jdbcType=VARCHAR}
        <if test="_parameter != null">
            <include refid="Update_By_Example_Where_Clause"/>
        </if>
    </update>
    <update id="updateByPrimaryKeySelective" parameterType="edu.zyt.model.CollegeInfo">
        update college_info
        <set>
            <if test="name != null">
                NAME = #{name,jdbcType=VARCHAR},
            </if>
            <if test="logo != null">
                LOGO = #{logo,jdbcType=VARCHAR},
            </if>
            <if test="province != null">
                PROVINCE = #{province,jdbcType=VARCHAR},
            </if>
            <if test="level != null">
                LEVEL = #{level,jdbcType=VARCHAR},
            </if>
            <if test="type != null">
                TYPE = #{type,jdbcType=VARCHAR},
            </if>
            <if test="zhishu != null">
                ZHISHU = #{zhishu,jdbcType=VARCHAR},
            </if>
            <if test="is211 != null">
                IS211 = #{is211,jdbcType=VARCHAR},
            </if>
            <if test="is985 != null">
                IS985 = #{is985,jdbcType=VARCHAR},
            </if>
            <if test="tel != null">
                TEL = #{tel,jdbcType=VARCHAR},
            </if>
            <if test="address != null">
                ADDRESS = #{address,jdbcType=VARCHAR},
            </if>
            <if test="email != null">
                EMAIL = #{email,jdbcType=VARCHAR},
            </if>
            <if test="url != null">
                URL = #{url,jdbcType=VARCHAR},
            </if>
            <if test="remark != null">
                REMARK = #{remark,jdbcType=VARCHAR},
            </if>
            <if test="seq != null">
                SEQ = #{seq,jdbcType=VARCHAR},
            </if>
        </set>
        where id = #{id,jdbcType=INTEGER}
    </update>
    <update id="updateByPrimaryKey" parameterType="edu.zyt.model.CollegeInfo">
        update college_info
        set NAME = #{name,jdbcType=VARCHAR},
        LOGO = #{logo,jdbcType=VARCHAR},
        PROVINCE = #{province,jdbcType=VARCHAR},
        LEVEL = #{level,jdbcType=VARCHAR},
        TYPE = #{type,jdbcType=VARCHAR},
        ZHISHU = #{zhishu,jdbcType=VARCHAR},
        IS211 = #{is211,jdbcType=VARCHAR},
        IS985 = #{is985,jdbcType=VARCHAR},
        TEL = #{tel,jdbcType=VARCHAR},
        ADDRESS = #{address,jdbcType=VARCHAR},
        EMAIL = #{email,jdbcType=VARCHAR},
        URL = #{url,jdbcType=VARCHAR},
        REMARK = #{remark,jdbcType=VARCHAR},
        SEQ = #{seq,jdbcType=VARCHAR}
        where id = #{id,jdbcType=INTEGER}
    </update>
</mapper>