<?xml version="1.0" encoding="UTF-8" ?>
<!DOCTYPE mapper PUBLIC "-//mybatis.org//DTD Mapper 3.0//EN" "http://mybatis.org/dtd/mybatis-3-mapper.dtd" >
<mapper namespace="edu.zyt.mapper.EquipmentMapper">
    <resultMap id="BaseResultMap" type="edu.zyt.model.Equipment">
        <id column="id" property="id" jdbcType="INTEGER"/>
        <result column="time" property="time" jdbcType="VARCHAR"/>
        <result column="lng" property="lng" jdbcType="VARCHAR"/>
        <result column="lat" property="lat" jdbcType="VARCHAR"/>
        <result column="type" property="type" jdbcType="VARCHAR"/>
        <result column="varieties" property="varieties" jdbcType="VARCHAR"/>
        <result column="price" property="price" jdbcType="REAL"/>
    </resultMap>
    <sql id="Base_Column_List">
        id, time, lng, lat, type, varieties, price
    </sql>
    <select id="selectByPrimaryKey" resultMap="BaseResultMap" parameterType="java.lang.Integer">
        select
        <include refid="Base_Column_List"/>
        from equipment_copy
        where id = #{id,jdbcType=INTEGER}
    </select>

    <select id="getall" resultType="edu.zyt.model.Equipment">
        select
        <include refid="Base_Column_List"/>
        from equipment_copy order by id asc limit 25
    </select>

    <delete id="deleteByPrimaryKey" parameterType="java.lang.Integer">
        delete from equipment_copy
        where id = #{id,jdbcType=INTEGER}
    </delete>
    <insert id="insert" parameterType="edu.zyt.model.Equipment">
        insert into equipment_copy (id, time, lng,
        lat, type, varieties,
        price)
        values (#{id,jdbcType=INTEGER}, #{time,jdbcType=VARCHAR}, #{lng,jdbcType=VARCHAR},
        #{lat,jdbcType=VARCHAR}, #{type,jdbcType=VARCHAR}, #{varieties,jdbcType=VARCHAR},
        #{price,jdbcType=REAL})
    </insert>

    <insert id="addxinxi" parameterType="edu.zyt.model.Equipment">
        insert into equipment (time,
        price)
        values ( #{time,jdbcType=VARCHAR},
        #{price,jdbcType=REAL})
    </insert>
    <insert id="insertSelective" parameterType="edu.zyt.model.Equipment">
        insert into equipment_copy
        <trim prefix="(" suffix=")" suffixOverrides=",">
            <if test="id != null">
                id,
            </if>
            <if test="time != null">
                time,
            </if>
            <if test="lng != null">
                lng,
            </if>
            <if test="lat != null">
                lat,
            </if>
            <if test="type != null">
                type,
            </if>
            <if test="varieties != null">
                varieties,
            </if>
            <if test="price != null">
                price,
            </if>
        </trim>
        <trim prefix="values (" suffix=")" suffixOverrides=",">
            <if test="id != null">
                #{id,jdbcType=INTEGER},
            </if>
            <if test="time != null">
                #{time,jdbcType=VARCHAR},
            </if>
            <if test="lng != null">
                #{lng,jdbcType=VARCHAR},
            </if>
            <if test="lat != null">
                #{lat,jdbcType=VARCHAR},
            </if>
            <if test="type != null">
                #{type,jdbcType=VARCHAR},
            </if>
            <if test="varieties != null">
                #{varieties,jdbcType=VARCHAR},
            </if>
            <if test="price != null">
                #{price,jdbcType=REAL},
            </if>
        </trim>
    </insert>
    <update id="updateByPrimaryKeySelective" parameterType="edu.zyt.model.Equipment">
        update equipment
        <set>
            <if test="time != null">
                time = #{time,jdbcType=VARCHAR},
            </if>
            <if test="lng != null">
                lng = #{lng,jdbcType=VARCHAR},
            </if>
            <if test="lat != null">
                lat = #{lat,jdbcType=VARCHAR},
            </if>
            <if test="type != null">
                type = #{type,jdbcType=VARCHAR},
            </if>
            <if test="varieties != null">
                varieties = #{varieties,jdbcType=VARCHAR},
            </if>
            <if test="price != null">
                price = #{price,jdbcType=REAL},
            </if>
        </set>
        where id = #{id,jdbcType=INTEGER}
    </update>
    <update id="updateByPrimaryKey" parameterType="edu.zyt.model.Equipment">
        update equipment_copy
        set time = #{time,jdbcType=VARCHAR},
        lng = #{lng,jdbcType=VARCHAR},
        lat = #{lat,jdbcType=VARCHAR},
        type = #{type,jdbcType=VARCHAR},
        varieties = #{varieties,jdbcType=VARCHAR},
        price = #{price,jdbcType=REAL}
        where id = #{id,jdbcType=INTEGER}
    </update>
</mapper>